seismic_intensity,duration
4.87,6
5.12,6
5.12,6
5.15,6
5.15,6
5.23,6
5.23,6
5.28,6
5.28,6
5.3,6
5.3,6
5.07,6
5.07,6
5.36,6
5.36,6
4.94,6
4.94,6
5.05,6
5.05,6
5.05,6
5.05,6
5.1,6
5.1,6
5.23,6
5.23,6
5.02,6
5.02,6
4.61,6
4.61,6
4.58,6
4.58,6
4.51,6
4.51,6
4.35,6
5.97,114
5.92,114
5.92,114
5.92,114
5.92,114
6.02,114
6.02,106
6.15,106
6.15,114
5.84,114
5.84,114
5.77,114
5.77,134
5.92,134
5.92,134
5.95,134
4.38,21
4.1,21
4.1,21
4.07,21
4.07,21
4.02,21
4.02,21
3.99,21
3.99,21
4.23,21
4.23,6
4.2,6
4.2,6
4.23,6
4.23,6
3.92,6
3.92,6
4.25,6
4.25,6
4.35,6
4.35,6
4.43,6
4.43,6
4.76,6
4.76,6
5.02,6
5.02,6
5.12,6
5.12,20
5.25,20
5.25,20
5.43,20
5.25,48
5.12,48
5.12,48
5.1,48
5.1,48
5.05,48
5.05,38
5.2,38
5.2,38
5.54,38
5.54,38
5.54,38
5.54,38
5.54,38
5.54,26
5.54,26
5.54,26
5.51,26
5.51,26
5.48,26
5.48,26
5.48,26
5.48,33
5,33
5,33
5.2,33
5.2,66
4.84,66
4.84,66
4.94,66
4.94,66
5.36,66
5.36,66
5.46,66
5.46,66
5.43,66
5.43,66
5.82,66
5.82,38
5.9,38
5.9,38
5.61,38
5.61,38
5.95,38
5.95,38
5.95,38
6.41,5
6.28,5
6.28,5
6.33,5
6.33,5
6.2,5
6.2,5
5.92,5
5.92,5
5.84,5
5.84,5
5.74,5
5.74,5
5.64,5
5.25,20
5.15,20
5.15,20
5.02,20
5.02,20
4.66,20
4.66,20
4.69,20
4.69,20
4.71,20
4.71,20
4.82,20
4.82,20
4.92,20
4.92,20
5.07,20
5.07,9
5.18,9
5.18,9
4.97,9
4.97,9
4.64,9
4.64,9
3.94,9
3.94,9
4.25,9
4.25,9
5.02,9
5.02,9
5.02,9
5.02,9
5.2,9
5.2,9
4.53,9
4.53,12
4.48,12
4.48,12
4.53,12
4.53,12
5,12
5,12
5.05,12
5.05,12
4.74,12
4.74,12
5.28,12
5.28,12
4.92,12
4.92,12
4.94,12
4.94,12
4.94,12
4.94,12
5.07,12
5.07,12
5.12,12
5.12,12
5.2,12
5.2,12
5.05,12
5.05,12
4.97,12
4.97,12
4.82,12
4.82,12
4.64,12
4.64,12
4.28,12
4.28,16
4.17,16
4.17,16
4.12,16
4.12,16
4.1,16
4.1,16
3.94,16
3.94,16
3.66,16
3.66,16
3.63,16
3.63,16
3.79,16
3.79,10
3.89,10
3.89,5
4.28,5
4.28,5
4.15,5
4.15,5
4.17,5
4.17,5
4.23,5
4.23,5
4.23,5
4.23,5
4.28,5
4.28,5
4.07,5
4.07,5
4.1,5
4.1,5
4.3,5
4.3,5
4.38,5
4.38,5
4.74,5
4.74,4
4.66,4
4.66,4
4.71,4
4.71,4
4.12,4
4.12,4
3.66,4
3.66,4
3.56,4
3.56,4
3.87,4
3.87,4
4.1,4
4.1,4
3.51,4
3.51,3
3.87,3
3.87,3
3.87,3
3.87,3
3.87,3
3.87,3
3.84,3
3.84,3
3.89,3
3.89,3
3.94,3
3.94,3
4.02,3
4.02,3
3.84,3
3.84,3
3.61,3
3.61,3
3.89,3
3.89,3
3.69,3
3.69,3
3.97,3
3.97,3
3.84,3
3.84,3
3.63,3
3.63,3
3.63,3
3.63,3
3.69,3
3.69,3
3.81,3
3.81,3
3.76,3
3.76,3
3.71,3
3.71,3
3.63,3
3.63,3
3.89,3
3.89,3
3.53,3
3.53,3
3.07,3
3.07,3
3.09,3
3.09,3
3.33,3
3.33,3
3.33,3
3.33,3
3.25,3
3.25,3
3.4,3
3.4,3
3.79,3
3.79,3
3.84,3
3.84,3
3.79,3
3.79,3
4.07,3
4.07,3
3.58,3
3.58,3
3.71,3
3.71,3
3.69,3
3.69,3
3.87,3
3.87,3
4.25,3
4.25,3
4.17,3
5.07,8
5.33,8
5.33,8
5.25,8
5.25,8
4.94,8
4.94,8
4.89,8
4.89,8
4.69,8
4.69,8
4.46,8
4.46,8
4.25,8
4.25,8
4.2,8
4.2,8
4.28,8
4.28,8
4.12,8
4.12,8
3.61,8
3.61,8
3.99,8
3.99,8
3.92,8
3.92,8
4.05,8
4.05,8
4.05,8
4.05,8
3.99,8
3.99,8
3.97,8
3.97,8
3.84,8
3.84,8
3.89,8
3.89,8
3.94,8
3.94,8
3.79,8
3.79,8
3.99,8
3.99,8
4.05,8
4.05,8
4.17,8
4.17,8
4.02,8
4.02,8
3.89,8
5.38,17
5.38,17
5.38,17
5.36,17
5.36,17
5.18,17
5.18,17
5.23,17
5.23,17
5.15,17
5.15,17
4.64,17
4.64,17
4.97,17
4.97,17
5.07,17
5.07,17
4.76,17
4.76,17
4.74,17
4.74,17
5.07,17
5.07,17
5.05,17
5.05,17
5.48,17
5.48,26
5.1,26
5.1,26
5.15,26
5.15,26
4.87,26
4.87,26
5.02,26
5.02,26
4.76,26
4.76,26
4.71,26
4.71,26
4.74,26
4.74,26
4.84,26
4.84,26
4.92,26
4.92,26
5.43,26
5.92,49
5.36,49
5.36,49
5.9,49
5.9,49
5.87,49
5.87,49
5.38,49
5.38,49
5.02,49
5.02,842
5.18,842
5.18,842
5.36,842
5.36,842
5.51,842
5.64,842
5.64,842
5.66,842
5.66,842
5.64,842
5.64,842
5.61,842
5.61,842
5.9,842
5.9,842
5.77,842
5.77,842
5.51,842
5.51,842
5.54,842
5.54,842
5.51,842
5.51,842
5.64,842
5.64,842
5.46,842
5.46,842
5.69,842
5.69,842
5.54,842
5.54,842
5.33,842
3.97,7
3.99,7
3.99,7
3.66,7
3.66,7
3.81,7
3.81,7
3.79,7
3.79,7
3.27,7
3.27,7
3.43,7
3.43,7
2.74,7
2.74,7
2.61,7
2.61,7
2.48,7
2.48,7
2.58,7
2.58,8
3.2,8
3.2,8
3.2,8
3.2,8
3.07,8
3.07,8
2.81,8
2.81,8
2.89,8
2.89,8
2.94,8
2.94,8
3.02,8
3.02,8
3.22,8
3.22,8
3.45,8
3.45,8
3.66,8
3.66,7
3.35,7
3.35,7
3.43,7
3.43,7
3.87,7
3.87,7
3.89,7
3.89,7
3.92,7
3.92,7
3.89,7
3.89,7
3.87,7
3.87,7
4.02,7
4.02,7
3.89,7
3.89,7
3.92,7
3.92,7
3.94,7
3.94,7
3.79,7
4.48,17
5.12,17
5.12,17
4.74,17
4.74,17
5.1,17
5.1,17
5.07,17
5.07,17
4.97,17
4.97,17
4.43,17
4.43,17
4.41,17
4.41,17
4.38,17
4.38,17
4.43,17
4.43,17
4.46,17
5.46,754
4.97,754
4.97,754
5.33,754
5.33,754
5.05,754
5.05,754
5.48,754
5.48,754
5.05,754
5.05,754
5.07,754
5.07,842
5.15,842
5.15,842
5.3,842
5.3,842
5.43,842
5,9
4.33,9
4.33,9
4.28,9
4.28,9
4.25,9
4.25,9
4.64,9
4.64,18
4.87,18
4.87,18
4.89,18
4.89,842
4.92,842
4.92,842
4.89,842
4.89,387
4.38,387
4.38,387
4.66,387
4.66,387
4.58,387
4.58,387
4.48,387
4.48,387
4.92,387
4.92,5
4.51,5
4.51,5
4.84,5
4.64,9
4.61,9
4.61,9
3.89,9
3.89,9
3.92,9
3.92,9
3.79,9
3.79,9
4.46,9
4.46,9
4.05,9
4.05,9
3.94,9
3.94,9
3.84,9
3.84,9
3.84,9
3.84,9
3.84,9
3.84,9
3.89,9
3.89,9
3.84,9
3.84,9
3.89,9
3.89,9
4.07,9
4.07,9
4.2,9
4.2,9
4.28,9
5.43,842
5.12,842
5.12,842
5.79,842
5.79,842
5.1,842
5.1,842
5,842
5,842
5.33,842
5.33,842
4.87,842
4.87,842
5.59,842
5.59,842
5.54,842
5.54,842
5.1,842
5.1,842
4.61,842
4.61,842
4.48,842
4.48,842
5,842
5,15
4.48,15
4.48,15
4.53,15
4.53,15
4.94,15
4.94,15
4.89,15
4.89,15
4.58,15
4.58,15
4.74,15
4.74,15
4.43,15
4.43,15
4.23,15
4.23,15
4.71,15
4.71,15
5.05,15
5.05,15
4.94,15
4.94,15
5.02,15
5.02,15
4.94,15
4.94,15
4.69,15
4.69,7
4.92,7
4.92,7
4.74,7
4.74,7
4.87,7
5.48,21
5.46,21
5.46,21
5.48,21
5.48,21
5.66,21
5.66,21
5.51,21
5.51,21
5.51,21
5.51,21
5.3,7
5.41,7
5.41,7
5.18,7
5.18,7
5.38,7
5.38,36
5.64,36
5.64,36
5.56,36
5.87,22
6.05,22
6.05,22
6.2,22
6.2,22
6.05,22
6.05,28
6.28,28
6.28,28
6.13,28
6.13,28
6.23,28
6.23,28
6.31,28
6.31,123
6.41,123
6.41,123
6,123
6,27
5.84,27
5.84,27
5.74,27
5.74,27
5.72,27
5.72,27
5.69,27
5.69,27
5.56,27
5.46,7
5.64,7
5.64,7
5.77,7
5.77,7
5.51,7
5.51,7
5.54,7
5.54,7
5.59,7
5.59,7
5.59,7
5.59,20
5.59,20
5.59,20
5.56,20
5.56,20
5.56,20
5.56,20
5.77,20
5.77,20
5.92,20
5.92,20
6,20
6,20
5.95,20
5.95,20
5.92,20
5.87,20
5.87,20
5.87,20
6,20
6,27
6.02,27
6.02,27
6.1,27
6.1,27
6.25,27
6.25,27
6.25,27
6.25,27
6.43,27
6.43,27
6.05,27
6.05,27
5.97,27
5.97,27
6.05,27
6.05,31
5.92,31
5.92,31
5.97,31
5.97,31
5.82,31
5.82,31
5.48,31
5.48,31
5.3,31
5.3,31
5.92,31
5.92,31
5.54,31
5.54,31
5.64,31
5.64,31
5.54,31
5.54,37
6.1,37
6.1,37
5.59,37
5.59,64
5.84,64
5.84,213
5.66,213
5.66,213
5.69,213
5.69,842
6.02,842
6.02,842
6,842
6,842
6.05,842
6.05,842
5.79,842
5.79,842
5.92,842
5.92,842
6.08,842
6.08,842
6.38,842
6.38,842
5.84,842
5.84,842
6.08,842
6.08,842
5.97,842
5.97,842
5.74,842
5.74,285
6.1,285
6.1,285
5.82,285
5.82,285
5.95,285
5.95,842
6.13,842
6.13,842
6.05,842
6.05,842
6.41,842
6.41,842
6.15,842
6.15,842
6,842
6,736
6.1,736
6.1,32
5.66,32
5.66,32
5.74,32
5.07,21
5.41,21
5.41,21
5.54,21
5.54,21
5.38,21
5.38,21
5.43,21
5.43,21
5.59,21
5.59,21
5.74,21
5.74,21
5.72,21
5.72,21
5.66,21
5.66,21
5.69,21
5.69,21
5.77,21
5.77,21
5.79,21
5.79,21
5.79,21
5.79,21
6,21
6,21
5.61,21
5.61,21
5.43,21
5.43,21
5.9,21
5.87,35
6.18,35
6.18,31
5.9,31
5.9,31
6,31
6,31
6.02,31
6.02,31
6.02,31
6.02,31
6.05,31
6.05,31
6.05,31
6.05,31
6.05,31
6.05,31
6,31
6,31
6.02,31
6.02,31
5.84,31
5.84,31
5.82,31
5.82,31
5.84,31
5.84,31
5.66,31
5.66,31
5.51,31
5.51,31
5.43,31
5.43,31
5.66,31
5.66,31
5.36,31
5.36,31
5.54,31
5.54,31
5.38,31
5.38,31
5.05,31
5.05,31
5.07,31
5.07,31
5.18,31
5.18,31
5.2,31
5.2,31
5.28,31
5.28,31
5.3,31
5.3,31
5.48,31
5.48,31
5.36,31
5.36,31
5.69,31
5.69,31
5.56,31
5.56,31
5.64,31
5.64,31
5.77,31
5.77,31
5.95,31
5.95,31
5.72,31
5.72,31
5.92,31
5.92,31
5.64,31
5.64,31
5.51,31
5.51,31
5.43,31
5.43,31
5.9,31
6.02,31
6.02,31
6.43,31
6.25,31
6.43,31
6.2,31
6.25,31
5.36,27
5.38,27
5.38,27
5.33,27
5.33,27
5.33,27
5.33,27
5.23,27
5.23,27
5.23,27
5.23,27
5.07,27
5.07,27
5.54,27
5.54,27
5.77,27
5.77,27
5.95,27
5.95,27
6.13,27
6.13,27
5.92,27
5.92,27
6.1,27
6.1,27
6.13,27
6.13,27
6.05,27
6.05,27
6,27
5.48,5
5.33,5
5.33,5
5.07,5
5.07,5
5.07,5
5.07,5
5.38,5
5.38,5
5.28,5
5.28,5
4.87,5
4.87,5
5.15,5
5.15,5
5.3,5
5.3,5
5.38,5
5.38,5
5.05,5
5.05,5
5.07,5
5.07,5
5.38,5
5.38,5
5,5
5,5
4.94,5
4.94,5
4.87,5
5,5
5.02,5
5,5
5.33,5
5.41,5
5.41,5
5.46,5
5.46,5
5.54,5
5.54,5
5.69,5
5.69,5
5.69,5
5.69,5
5.69,5
5.69,5
5.38,5
5.38,5
5.56,5
5.56,5
4.35,6
4.23,6
4.23,6
4.25,6
4.25,6
4.58,6
4.58,6
4.61,6
4.61,6
4.71,6
4.71,6
4.92,6
4.92,6
5,6
5,6
4.87,6
4.87,6
4.66,6
4.66,6
4.61,6
4.61,6
4.71,6
4.71,6
4.82,6
4.82,6
4.25,6
4.25,6
4.3,6
4.3,6
4.53,6
4.53,6
4.33,6
4.33,6
4.15,6
4.15,6
4.1,6
4.1,6
3.66,6
3.66,6
4.05,6
4.05,6
4.02,6
4.02,6
4.3,6
4.3,6
4.28,6
4.28,6
4.17,6
5.95,37
5.92,37
5.92,37
5.95,37
5.95,37
5.92,37
5.92,69
5.97,69
5.97,69
6.08,69
6.08,69
6.02,69
6.02,372
6.1,372
6.1,372
5.97,372
5.97,736
5.3,736
5.3,736
5.18,736
5.18,736
5.12,736
5.12,842
5.43,842
5.77,24
5.72,24
5.72,24
5.72,24
5.72,24
5.66,24
5.66,24
5.72,24
5.72,24
5.69,24
5.69,24
5.66,24
5.66,24
5.61,24
5.61,24
5.61,24
5.61,43
5.59,43
5.59,43
5.59,43
5.59,43
5.61,43
5.61,43
5.48,43
5.48,43
5.48,43
5.48,43
5.3,43
5.3,43
4.89,43
4.89,43
4.56,43
4.56,21
4.61,21
4.61,21
4.64,21
4.64,21
4.53,21
5.77,17
5.77,17
5.77,17
5.84,17
5.84,17
5.87,17
5.87,17
5.87,17
5.87,17
6.33,17
6.33,17
6.36,17
6.36,39
6.38,39
6.38,39
6.31,39
6.31,39
6.38,39
6.38,39
5.9,39
5.9,39
5.97,39
5.97,39
5.87,39
5.87,39
5.82,39
5.82,39
5.87,39
5.87,78
5.72,78
5.72,78
5.69,78
5.69,78
6.08,78
6.08,842
6,842
6,842
5.9,842
5.9,842
6.08,842
6.08,842
5.69,842
5.69,842
5.95,842
5.95,842
6.05,842
6.05,372
6.05,372
6.05,372
6.02,372
6.02,127
6.05,127
6.05,127
5.87,127
5.87,127
5.9,127
5.9,127
5.87,127
5.87,127
6.02,127
6.15,134
6.18,134
6.18,134
6.23,134
6.23,204
6.15,204
5.72,49
6.25,49
6.25,49
5.82,49
5.82,49
5.9,49
5.9,49
5.84,49
5.84,3
5.72,3
5.72,3
5.77,3
5.77,3
5.79,3
5.79,3
5.79,3
5.79,3
5.77,3
5.77,3
5.74,3
5.74,3
5.72,3
5.72,3
6.13,3
6.13,3
6.13,3
6.13,3
6.13,3
6.13,3
6.23,3
6.23,3
6.2,3
6.15,21
5.95,21
5.95,21
5.64,21
5.64,21
5.61,21
5.61,21
5.41,21
5.41,21
5.56,21
5.56,21
5.59,21
5.59,21
5.54,21
5.54,21
5.61,21
5.61,21
5.51,21
5.51,21
5.46,21
5.46,21
5.48,21
5.48,21
5.38,21
5.38,21
5.33,21
5.33,842
5.28,842
5.28,842
5.38,842
5.38,842
5.07,842
5.07,842
5.3,842
5.3,842
5.64,842
5.64,842
5.33,842
5.33,842
5.46,842
5.46,842
5.02,842
5.02,842
4.94,842
4.94,842
5.28,842
5.28,842
5.46,842
4.53,6
4.17,6
4.17,6
4.28,6
4.28,6
4.51,6
4.51,6
4.56,6
4.56,6
4.2,6
4.2,6
4.41,6
4.41,6
3.97,6
5.56,12
5.61,12
5.61,12
5.66,12
5.66,19
5.48,19
5.48,19
5.12,19
5.12,19
5.12,19
5.12,19
5.12,19
5.12,19
5.1,19
5.1,19
5.05,19
5.05,28
4.92,28
4.92,28
4.84,28
4.84,28
4.71,28
4.71,28
4.64,28
4.64,28
4.41,28
4.41,28
4.35,28
4.35,28
4.35,28
4.35,28
4.28,28
4.28,28
4.3,28
4.3,28
3.84,28
3.84,28
3.79,28
3.79,28
3.56,28
3.56,32
3.51,32
3.51,32
3.58,32
3.58,32
3.61,32
3.61,32
3.61,32
3.61,32
3.63,32
3.63,32
3.66,32
3.66,32
3.76,32
3.76,34
3.51,34
3.51,34
3.17,34
3.17,18
3.12,18
3.12,18
3.45,18
3.45,18
3.35,18
3.35,18
3.33,18
3.33,18
3.17,18
3.17,18
3.3,18
3.3,18
3.3,18
3.3,18
3.53,18
3.87,4
3.87,4
3.87,4
3.87,4
3.87,4
3.89,4
3.89,4
3.97,4
3.97,4
3.97,4
3.97,4
3.79,4
3.79,4
3.53,4
3.53,4
3.53,4
4.17,4
4.28,4
4.28,4
4.2,4
4.2,4
4.17,4
4.17,4
4.15,4
4.15,4
4.15,4
4.15,4
4.12,4
4.12,4
4.12,4
4.12,4
4.1,4
4.1,4
3.92,4
3.92,4
4.05,4
4.05,4
3.84,4
3.84,4
3.58,4
3.58,4
3.63,4
3.63,4
3.63,4
3.63,4
3.51,4
3.51,4
3.45,4
3.45,4
3.71,4
4.87,7
4.69,7
4.69,7
5.07,7
5.07,7
4.82,7
4.82,7
4.82,7
4.82,7
4.66,7
4.66,7
3.97,7
3.97,7
3.81,7
3.81,7
4.51,7
4.51,7
4.41,7
4.41,7
4.12,7
4.12,7
4.3,7
4.3,7
4.43,7
4.43,7
4.56,7
4.56,7
4.64,7
4.64,7
4.69,7
4.69,7
4.74,7
5,4
5.36,4
5.36,4
4.82,4
4.82,4
5.46,4
5.46,32
6.08,32
6.08,32
5.77,32
5.77,32
5.25,32
5.25,45
5.72,45
5.72,45
5.79,45
5.79,49
5.97,49
5.97,49
6.49,49
6.49,49
6.15,49
6.15,26
5.36,26
5.36,26
5.54,26
5.54,26
5.33,26
5.33,26
4.87,26
4.87,11
4.94,11
4.94,11
4.61,11
4.61,11
4.92,11
4.92,11
4.41,11
4.41,11
3.94,11
4.82,5
5.41,5
5.41,5
5.64,5
5.64,5
5.46,5
5.46,5
5.36,5
5.36,5
5.2,5
5.2,5
5.23,5
5.23,5
5.3,5
5.3,5
5.41,5
5.41,5
5.46,5
5.46,5
5.46,5
5.46,37
5.54,37
5.54,37
5.69,37
5.69,37
5.87,37
5.87,37
6.08,37
6.08,37
6.08,37
6.08,37
6.05,37
6.05,37
5.95,37
5.95,37
5.9,37
5.9,37
5.92,37
5.92,37
5.92,37
5.92,37
5.82,37
5.82,37
5.9,37
5.9,22
5.77,22
5.77,18
5.79,18
5.79,18
5.69,18
5.69,18
5.77,18
5.77,25
5.69,25
5.69,25
5.48,25
5.48,25
5.64,25
5.64,25
5.3,25
5.3,25
5.28,25
5.28,25
5.66,25
5.66,25
5.25,25
5.25,27
5.12,27
5.12,27
5,27
5,27
4.94,27
4.94,27
4.97,27
4.97,27
4.89,27
4.89,27
5.18,27
5.18,27
5.61,27
5.61,27
5.69,27
5.69,27
5.66,27
5.66,27
5.64,27
5.64,27
5.82,27
5.82,27
5.95,27
5.95,27
5.74,27
5.74,23
6.1,23
6.1,23
6.15,23
6.15,22
6.08,22
6.08,22
6.23,22
6.23,22
6.13,22
6.13,22
5.77,22
5.77,20
5.77,20
5.77,20
6.23,20
6.23,25
6.36,25
6.36,25
6.31,25
6.31,25
5.9,25
5.9,25
5.72,25
5.72,41
5.72,41
5.72,41
6.1,41
6.1,41
5.59,41
5.59,41
5.97,41
5.97,41
5.95,41
5.95,41
6.02,41
6.02,41
6.1,41
6.1,41
6.18,41
6.18,41
6.67,41
6.67,41
6.61,41
6.61,41
6.13,41
6.13,41
6.15,41
6.15,26
6.13,26
6.13,26
6.13,26
6.13,26
6.15,26
6.15,9
6.05,9
6.05,9
5.9,9
5.9,9
5.61,9
5.61,9
5.43,9
5.43,9
5.2,9
5.2,9
5.33,9
5.33,9
5.36,9
5.36,9
5.56,9
5.56,6
5.66,6
5.66,6
5.38,6
5.38,4
5.18,4
5.18,4
5,4
5,4
5.02,4
5.02,4
4.92,4
4.92,4
4.92,4
4.92,4
4.87,4
4.87,4
4.89,4
4.89,4
4.84,4
4.84,4
4.87,4
6.31,25
6.28,25
6.31,25
4.82,5
5.07,5
5.07,5
5.25,5
5.25,5
5.23,5
5.23,5
5.69,5
5.69,5
5.69,5
5.69,5
4.97,5
4.92,7
4.94,7
4.94,7
4.94,7
4.94,7
4.97,7
4.97,7
4.82,7
4.82,7
4.92,7
4.92,7
4.79,13
4.79,13
4.76,13
4.76,13
4.82,13
4.82,13
4.89,13
4.89,13
4.69,13
4.69,13
4.79,13
4.79,150
4.79,150
4.79,150
4.84,150
4.84,150
4.94,150
4.94,372
4.74,372
4.74,372
4.71,372
4.71,372
5.05,372
5.05,372
4.66,372
4.66,372
4.58,372
4.58,372
4.3,372
4.3,372
4.92,372
4.92,372
4.84,372
5.77,15
5.77,15
5.77,15
5.51,15
5.51,15
5.38,15
5.38,15
5.15,15
5.15,15
5.1,15
5.1,15
5.74,15
5.74,15
5.69,15
5.69,15
5.61,15
5.61,15
5.59,15
5.59,15
5.61,15
5.61,15
5.36,15
5.36,15
5.28,15
5.28,15
5.43,15
5.43,15
5.56,15
5.56,15
5.18,15
5.18,15
4.97,15
4.97,15
4.84,15
4.84,15
4.61,15
4.61,15
4.41,15
4.41,15
4.28,15
4.28,15
4.43,15
4.43,15
4.53,15
4.53,15
4.66,15
4.66,15
4.71,15
4.71,15
4.53,15
4.53,15
4.02,15
4.02,15
4.1,15
4.1,15
4.12,15
4.12,15
4.28,15
4.28,15
4.2,15
4.2,15
4.05,15
4.05,15
3.43,15
3.43,15
3.61,15
3.61,15
3.61,15
3.61,15
3.74,15
3.74,15
3.74,15
3.74,15
4.02,15
4.02,15
4.17,15
4.17,15
4.17,15
4.17,15
4.2,15
4.2,15
4.17,15
5.54,35
6,35
6,35
5.66,35
5.66,35
5.46,35
5.46,35
5.28,35
5.28,35
5.3,35
5.3,35
5.59,35
5.59,33
5.66,33
5.66,33
5.77,33
5.77,33
5.87,33
5.87,33
6.05,33
6.05,33
6.13,33
6.13,20
5.79,20
5.79,20
5.64,20
5.64,20
5.43,20
5.43,20
5.77,20
5.07,9
5.15,9
5.15,9
5.07,9
5.07,9
5.28,9
5.28,9
5.07,9
5.07,9
4.76,9
4.76,9
4.64,9
4.64,9
4.05,9
4.05,9
4.02,9
4.02,9
4.1,9
4.1,9
4.12,9
4.12,9
3.63,9
3.63,9
3.53,9
3.53,9
3.87,9
3.87,9
4.05,9
4.05,9
3.53,9
3.53,9
3.48,9
3.48,9
3.99,9
3.99,9
3.92,9
3.92,9
3.89,9
5.56,8
5.74,8
5.74,8
5.61,8
5.61,8
5.51,8
5.51,8
5.25,8
5.25,8
5.05,8
5.05,8
4.89,8
4.89,8
4.82,8
4.82,8
4.61,8
4.61,8
4.48,8
4.48,9
4.61,9
4.61,9
4.41,9
4.41,9
4.3,9
4.3,9
4.12,9
4.12,9
4.3,9
4.3,9
4.12,9
4.12,9
4.1,9
4.28,21
4.12,21
4.12,21
4.2,21
4.2,21
4.02,21
4.02,21
4.1,21
4.1,21
3.45,21
3.45,21
3.56,21
3.56,21
3.74,21
3.74,21
4.17,21
4.17,21
4.15,21
5.95,23
5.9,23
5.9,23
6.1,23
6.1,23
5.97,23
5.97,23
6.15,23
6.15,23
6.13,23
6.13,23
5.77,23
5.77,23
5.97,23
5.97,23
5.97,23
5.97,23
5.97,23
5.97,23
6,23
6,23
5.9,23
5.9,23
5.56,23
5.56,23
5.43,23
5.43,23
5.38,23
5.38,23
5.18,23
5.18,23
5.2,23
5.2,23
4.87,23
4.87,23
4.87,23
4.87,23
4.89,23
4.89,23
4.74,23
4.74,23
4.66,23
4.66,23
4.33,23
4.33,23
4.38,23
4.38,23
4.51,23
4.51,23
4.48,23
4.48,23
4.28,23
3.4,2
3.3,2
3.3,2
3.22,2
3.22,2
3.53,2
3.53,2
3.51,2
3.51,2
3.51,2
3.51,2
3.35,2
3.35,2
3.09,2
3.09,2
3.09,2
3.09,2
3.12,2
3.12,2
3.15,2
3.15,2
3.3,2
3.3,2
3.2,2
3.2,2
2.97,2
2.97,2
1.99,2
1.99,2
1.76,2
1.76,2
1.94,2
1.94,2
2.79,2
2.79,2
2.89,2
2.89,2
2.86,2
2.86,2
2.94,2
3.4,2
3.4,2
3.02,2
3.02,2
2.89,2
2.89,2
2.81,2
2.81,2
3.3,2
3.3,2
2.66,2
2.66,2
3.12,2
3.12,2
3.09,2
3.09,2
2.92,2
2.92,2
2.92,2
2.92,2
2.84,2
2.84,2
2.84,2
2.84,2
2.84,2
2.84,2
2.94,2
2.94,2
2.89,2
2.89,2
2.56,2
2.56,2
2.32,2
2.32,2
2.56,2
2.56,2
2.63,2
2.63,2
2.45,2
2.45,2
2.56,2
2.56,2
2.92,2
2.92,2
2.84,2
2.84,2
2.3,2
2.3,2
2.2,2
2.2,2
2.27,2
2.27,2
2.76,2
2.76,2
2.76,2
2.76,2
2.12,2
2.12,2
1.99,2
1.99,2
2.3,2
2.3,2
2.2,2
2.2,2
2.07,2
2.07,2
2.2,2
2.2,2
2.56,2
2.56,2
2.92,2
2.92,2
2.86,2
2.86,2
2.4,2
2.76,2
2.45,2
2.45,2
1.76,2
1.76,2
2.79,2
2.79,2
2.97,2
2.97,2
3.15,2
3.15,2
2.58,2
2.58,2
3.04,2
3.04,2
3.25,2
3.25,2
3.09,2
3.09,2
2.92,2
2.92,2
2.92,2
2.92,2
3.02,2
3.02,2
3.07,2
3.07,2
3.27,2
3.27,2
3.22,2
3.22,2
3.04,2
3.04,2
2.84,2
2.84,2
3.25,2
3.25,2
2.94,2
2.94,2
3.43,2
3.43,2
3.45,2
3.45,2
3.48,2
3.48,2
3.51,2
3.51,2
3.58,2
3.58,2
3.71,2
3.71,2
3.79,2
3.79,2
3.81,2
3.81,2
3.87,2
3.87,2
3.79,2
3.79,2
4.3,2
4.3,2
4.12,2
4.12,2
3.89,2
3.89,2
3.76,2
3.76,2
2.99,2
2.99,2
3.17,2
3.17,2
3.22,2
3.22,2
3.35,2
3.35,2
3.69,2
3.69,2
3.4,2
3.4,2
3.53,2
3.53,2
4.07,2
4.07,2
3.79,2
3.79,2
3.12,2
3.12,2
3.25,2
3.25,2
3.09,2
3.09,2
3.12,2
3.12,2
3.33,2
3.33,2
3.17,2
3.17,2
3.45,2
3.45,2
3.45,2
3.45,2
3.51,2
3.51,2
3.25,2
3.25,2
3.22,2
3.22,2
3.22,2
3.22,2
3.33,2
3.33,2
3.45,2
4.07,2
3.58,2
3.58,2
3.56,2
3.56,2
3.33,2
3.33,2
3.79,2
3.79,2
3.51,2
3.51,2
3.07,2
3.07,2
3.43,2
3.43,2
3.53,2
3.53,2
3.56,2
3.56,2
3.25,2
3.25,2
3.4,2
3.4,2
3.2,2
3.2,2
3.15,2
3.15,2
3.48,2
3.48,2
3.48,2
3.48,2
3.12,2
3.12,2
3.02,2
3.02,2
3.17,2
3.17,2
3.25,2
3.25,2
3.3,2
3.3,2
3.09,2
3.09,2
2.99,2
2.99,2
2.97,2
2.97,2
2.94,2
2.94,2
2.84,2
2.84,2
2.76,2
2.76,2
2.76,2
2.76,2
2.92,2
2.92,2
2.76,2
2.76,2
2.61,2
2.61,2
2.48,2
2.48,2
2.32,2
2.32,2
2.38,2
3.84,4
3.63,4
3.63,4
3.33,4
3.33,4
2.53,4
2.53,4
2.81,4
2.81,4
3.3,4
4.92,2
4.92,2
5.28,2
5.28,2
5.25,2
5.25,2
5.2,2
5.05,2
5.05,2
5.18,2
5.18,2
5.1,2
5.1,2
5.1,2
5.1,2
5.1,2
5.1,2
5.07,2
5.07,2
5.12,2
5.12,2
5.05,2
5.05,2
5.05,2
5.07,2
5.07,2
5.07,2
5.07,2
4.43,3
4.48,3
4.48,3
4.46,3
4.46,3
4.43,3
4.43,3
3.92,3
3.92,3
3.74,3
3.74,3
3.79,3
3.79,3
4.05,3
4.05,3
4.15,3
4.15,3
4.28,3
4.28,3
4.33,3
4.33,3
4.12,3
4.12,3
3.87,3
3.87,3
4.07,3
4.07,3
4.2,3
4.2,3
4.02,3
4.02,3
3.89,3
3.89,3
3.84,3
3.84,3
3.76,3
3.76,3
3.99,3
3.99,3
3.51,3
4.43,2
4.51,2
4.51,2
4.79,2
4.79,2
4.38,2
4.38,2
4.84,2
4.84,2
4.79,2
4.79,2
4.76,2
4.76,2
4.61,2
4.61,2
4.05,2
4.05,2
3.87,2
3.87,2
3.69,2
3.69,2
3.81,2
3.81,2
3.79,2
3.79,2
3.71,2
3.71,2
3.84,2
3.84,2
3.81,2
3.81,2
4.33,2
4.58,2
4.33,2
4.33,2
4.48,2
4.48,2
4.17,2
4.17,2
4.28,2
4.28,2
4.82,2
4.82,2
4.87,2
4.87,2
4.84,2
4.84,2
4.2,2
4.2,2
4.56,2
4.56,2
4.3,2
4.3,2
4.07,2
4.07,2
3.92,2
3.92,2
3.97,2
3.97,2
4.05,2
4.05,2
3.92,2
3.92,2
3.92,2
3.92,2
3.76,2
3.76,2
4.33,2
3.71,2
3.71,2
3.71,2
3.56,2
3.56,2
3.53,2
3.53,2
3.35,2
3.35,2
3.51,2
3.51,2
3.66,2
3.53,2
3.53,2
3.4,2
3.53,2
3.4,2
3.4,2
3.56,2
3.71,2
3.89,2
3.94,2
3.94,2
4.02,2
4.02,2
4.02,2
4.02,2
3.74,2
3.74,2
3.53,2
3.53,2
3.51,2
3.51,2
3.84,2
3.84,2
3.81,2
3.81,2
3.76,2
3.76,2
3.38,2
3.38,2
3.35,2
3.76,3
3.76,3
3.76,3
3.76,3
3.76,3
3.71,3
3.71,3
3.69,3
3.69,3
3.56,3
3.56,3
3.58,3
3.58,3
3.53,3
3.53,3
3.56,3
3.56,3
3.63,3
3.63,3
3.58,3
3.58,3
3.53,3
3.25,3
3.4,3
3.4,3
3.45,3
3.45,3
3.48,3
3.48,3
3.4,3
3.4,3
3.4,3
3.4,3
3.4,3
3.4,3
3.48,3
3.48,3
3.53,3
3.53,3
3.56,3
3.56,3
3.63,3
3.63,3
3.66,3
3.66,3
3.71,3
3.71,3
3.84,3
4.64,2
4.64,2
4.64,2
4.64,2
4.64,2
4.64,2
4.64,2
4.64,2
4.64,2
4.69,2
4.69,2
4.66,2
4.66,2
4.69,2
4.69,2
4.69,2
4.69,2
4.61,2
4.61,2
4.61,2
4.33,2
4.35,2
4.35,2
4.38,2
4.38,2
4.15,2
4.15,2
3.99,2
3.99,2
4.25,2
4.25,2
4.17,2
4.17,2
4.25,2
4.25,2
4.25,2
4.25,2
4.23,2
4.23,2
4.2,2
4.2,2
4.3,2
3.81,2
3.84,2
3.84,2
3.84,2
3.84,2
3.61,2
3.61,2
3.66,2
3.66,2
3.71,2
3.71,2
3.61,2
3.61,2
3.69,2
3.69,2
3.58,2
3.58,2
3.38,2
3.38,2
3.45,2
3.45,2
3.33,2
3.33,2
3.2,2
3.2,2
3.48,2
3.48,2
3.4,2
3.4,2
3.56,2
3.56,2
3.63,2
3.63,2
3.56,2
3.56,2
3.58,2
3.58,2
3.79,2
3.79,2
4.12,2
4.12,2
4.38,2
4.38,2
3.92,2
3.92,2
3.81,2
3.81,2
4.02,2
4.02,2
3.84,2
3.84,2
4.46,2
4.46,2
4.33,2
4.33,2
4.12,2
5.25,2
5.25,2
5.25,2
5.2,2
5.2,2
5.02,2
5.02,2
5.02,2
5.02,2
5.02,2
5.02,2
5.02,2
5.02,2
5.05,2
5.05,2
5.05,2
5.05,2
4.94,2
4.94,2
4.94,2
4.94,2
4.94,2
5.66,2
5.64,2
5.64,2
5.51,2
5.3,2
5.3,2
5.05,2
5.05,2
4.69,2
4.69,2
4.51,2
4.51,2
4.33,2
4.33,2
4.64,2
4.64,2
4.66,2
4.66,2
4.61,2
4.61,2
4.76,2
4.76,2
4.76,2
4.76,2
4.71,2
4.71,2
4.56,2
4.56,2
4.51,2
4.51,2
4.41,2
4.41,2
4.43,2
4.43,2
4.43,2
4.43,2
4.3,2
4.3,2
4.2,2
5.48,2
5.48,2
5.48,2
5.46,2
5.46,2
5.43,2
5.43,2
5.38,2
5.38,2
5.41,2
5.41,2
5.46,2
5.46,2
5.51,2
5.51,2
5.56,2
5.56,3
5.48,3
5.48,3
5.36,3
5.36,3
5.28,3
5.28,3
5.2,3
5.2,3
5.07,3
5.05,2
5.07,2
5.07,2
4.89,2
4.89,2
4.87,2
5.12,2
5.25,2
5.25,2
5.33,2
5.33,2
5.41,2
5.41,2
5.54,2
5.54,2
5.46,2
5.46,2
5.46,2
5.46,2
5.56,2
5.56,2
5.59,2
4.79,2
5.07,2
5.07,2
5.05,2
5.05,2
4.92,2
4.92,2
5.07,2
5.07,2
4.94,2
4.94,2
4.94,2
4.94,2
5.1,2
5.1,2
5.1,2
5.1,2
5.1,2
5.1,2
4.97,2
4.97,2
5,2
5.18,2
5.18,2
5.18,2
5.15,2
5.15,2
5.15,2
5.15,2
5.12,2
5.12,2
5.12,2
5.12,2
5.12,2
5.12,2
5.15,2
5.15,2
5.12,2
5.12,2
5.12,2
5.12,2
5.12,2
5.12,2
5.07,2
5.07,2
5.07,2
5.07,2
5.07,2
